decimals,viete,madhava
1,0.0004875659942626953,0.0002474784851074219
10,0.0013017654418945312,0.0014560222625732422
20,0.0026941299438476562,0.002942800521850586
30,0.0041294097900390625,0.004245281219482422
40,0.0054454803466796875,0.006180763244628906
50,0.007331371307373047,0.00743412971496582
60,0.008452892303466797,0.008983612060546875
